[
  {
    "postID": "1d5s2hd",
    "subredditID": "2dpthm",
    "scrapeTime": "2024-06-03 16:40:11",
    "numViews": "941",
    "numUpvotes": "91%",
    "numComments": "1",
    "numXPosts": "2"
  },
  {
    "postID": "1d1jurw",
    "subredditID": "2qh23",
    "scrapeTime": "2024-06-03 16:40:11",
    "numViews": "124",
    "numUpvotes": "100%",
    "numComments": "1",
    "numXPosts": "0"
  },
  {
    "postID": "1d238g3",
    "subredditId": "2qh23",
    "scrapeTime": "2024-05-27 17:47:28",
    "numViews": "N/A",
    "numUpvotes": "100%",
    "numComments": "0",
    "numXPosts": "N/A"
  }
]